index,post_class
ACADEMIC WRITING,INTERMEDIATE ECONOMICS II
ECONOMIC PRINCIPLES,INTERMEDIATE ECONOMICS II
INTERMEDIATE CALCULUS,INTERMEDIATE ECONOMICS II
INTERMEDIATE ECONOMICS I,INTERMEDIATE ECONOMICS II
FIRST-YEAR SEMINAR (TOP),INTERMEDIATE ECONOMICS II
GENERAL CHEMISTRY,INTERMEDIATE ECONOMICS II
PROBABILITY/STAT INFER,INTERMEDIATE ECONOMICS II
INTERMEDIATE ECONOMICS II,INTERMEDIATE ECONOMICS II
ONE VARIABLE CALCULUS,INTERMEDIATE ECONOMICS II
INTRO BIOLOGICAL ANTHRO,INTERMEDIATE ECONOMICS II
ACADEMIC WRITING,PROBABILITY/STAT INFER
ECONOMIC PRINCIPLES,PROBABILITY/STAT INFER
INTERMEDIATE CALCULUS,PROBABILITY/STAT INFER
INTERMEDIATE ECONOMICS I,PROBABILITY/STAT INFER
FIRST-YEAR SEMINAR (TOP),PROBABILITY/STAT INFER
GENERAL CHEMISTRY,PROBABILITY/STAT INFER
PROBABILITY/STAT INFER,PROBABILITY/STAT INFER
INTERMEDIATE ECONOMICS II,PROBABILITY/STAT INFER
ONE VARIABLE CALCULUS,PROBABILITY/STAT INFER
INTRO BIOLOGICAL ANTHRO,PROBABILITY/STAT INFER
ACADEMIC WRITING,INTERMEDIATE ECONOMICS III
ECONOMIC PRINCIPLES,INTERMEDIATE ECONOMICS III
INTERMEDIATE CALCULUS,INTERMEDIATE ECONOMICS III
INTERMEDIATE ECONOMICS I,INTERMEDIATE ECONOMICS III
FIRST-YEAR SEMINAR (TOP),INTERMEDIATE ECONOMICS III
GENERAL CHEMISTRY,INTERMEDIATE ECONOMICS III
PROBABILITY/STAT INFER,INTERMEDIATE ECONOMICS III
INTERMEDIATE ECONOMICS II,INTERMEDIATE ECONOMICS III
ONE VARIABLE CALCULUS,INTERMEDIATE ECONOMICS III
INTRO BIOLOGICAL ANTHRO,INTERMEDIATE ECONOMICS III
ACADEMIC WRITING,INTERMEDIATE ECONOMICS I
ECONOMIC PRINCIPLES,INTERMEDIATE ECONOMICS I
INTERMEDIATE CALCULUS,INTERMEDIATE ECONOMICS I
INTERMEDIATE ECONOMICS I,INTERMEDIATE ECONOMICS I
FIRST-YEAR SEMINAR (TOP),INTERMEDIATE ECONOMICS I
GENERAL CHEMISTRY,INTERMEDIATE ECONOMICS I
PROBABILITY/STAT INFER,INTERMEDIATE ECONOMICS I
INTERMEDIATE ECONOMICS II,INTERMEDIATE ECONOMICS I
ONE VARIABLE CALCULUS,INTERMEDIATE ECONOMICS I
INTRO BIOLOGICAL ANTHRO,INTERMEDIATE ECONOMICS I
ACADEMIC WRITING,CHEM/TECHNOL/SOCIETY
ECONOMIC PRINCIPLES,CHEM/TECHNOL/SOCIETY
INTERMEDIATE CALCULUS,CHEM/TECHNOL/SOCIETY
INTERMEDIATE ECONOMICS I,CHEM/TECHNOL/SOCIETY
FIRST-YEAR SEMINAR (TOP),CHEM/TECHNOL/SOCIETY
GENERAL CHEMISTRY,CHEM/TECHNOL/SOCIETY
PROBABILITY/STAT INFER,CHEM/TECHNOL/SOCIETY
INTERMEDIATE ECONOMICS II,CHEM/TECHNOL/SOCIETY
ONE VARIABLE CALCULUS,CHEM/TECHNOL/SOCIETY
INTRO BIOLOGICAL ANTHRO,CHEM/TECHNOL/SOCIETY
ACADEMIC WRITING,ORGANIC CHEMISTRY
ECONOMIC PRINCIPLES,ORGANIC CHEMISTRY
INTERMEDIATE CALCULUS,ORGANIC CHEMISTRY
INTERMEDIATE ECONOMICS I,ORGANIC CHEMISTRY
FIRST-YEAR SEMINAR (TOP),ORGANIC CHEMISTRY
GENERAL CHEMISTRY,ORGANIC CHEMISTRY
PROBABILITY/STAT INFER,ORGANIC CHEMISTRY
INTERMEDIATE ECONOMICS II,ORGANIC CHEMISTRY
ONE VARIABLE CALCULUS,ORGANIC CHEMISTRY
INTRO BIOLOGICAL ANTHRO,ORGANIC CHEMISTRY
ACADEMIC WRITING,INTRO TO ECONOMETRICS
ECONOMIC PRINCIPLES,INTRO TO ECONOMETRICS
INTERMEDIATE CALCULUS,INTRO TO ECONOMETRICS
INTERMEDIATE ECONOMICS I,INTRO TO ECONOMETRICS
FIRST-YEAR SEMINAR (TOP),INTRO TO ECONOMETRICS
GENERAL CHEMISTRY,INTRO TO ECONOMETRICS
PROBABILITY/STAT INFER,INTRO TO ECONOMETRICS
INTERMEDIATE ECONOMICS II,INTRO TO ECONOMETRICS
ONE VARIABLE CALCULUS,INTRO TO ECONOMETRICS
INTRO BIOLOGICAL ANTHRO,INTRO TO ECONOMETRICS
ACADEMIC WRITING,PROBABILITY
ECONOMIC PRINCIPLES,PROBABILITY
INTERMEDIATE CALCULUS,PROBABILITY
INTERMEDIATE ECONOMICS I,PROBABILITY
FIRST-YEAR SEMINAR (TOP),PROBABILITY
GENERAL CHEMISTRY,PROBABILITY
PROBABILITY/STAT INFER,PROBABILITY
INTERMEDIATE ECONOMICS II,PROBABILITY
ONE VARIABLE CALCULUS,PROBABILITY
INTRO BIOLOGICAL ANTHRO,PROBABILITY
ACADEMIC WRITING,ADV INTERMEDIATE SPANISH
ECONOMIC PRINCIPLES,ADV INTERMEDIATE SPANISH
INTERMEDIATE CALCULUS,ADV INTERMEDIATE SPANISH
INTERMEDIATE ECONOMICS I,ADV INTERMEDIATE SPANISH
FIRST-YEAR SEMINAR (TOP),ADV INTERMEDIATE SPANISH
GENERAL CHEMISTRY,ADV INTERMEDIATE SPANISH
PROBABILITY/STAT INFER,ADV INTERMEDIATE SPANISH
INTERMEDIATE ECONOMICS II,ADV INTERMEDIATE SPANISH
ONE VARIABLE CALCULUS,ADV INTERMEDIATE SPANISH
INTRO BIOLOGICAL ANTHRO,ADV INTERMEDIATE SPANISH
ACADEMIC WRITING,INTERMEDIATE CALCULUS
ECONOMIC PRINCIPLES,INTERMEDIATE CALCULUS
INTERMEDIATE CALCULUS,INTERMEDIATE CALCULUS
INTERMEDIATE ECONOMICS I,INTERMEDIATE CALCULUS
FIRST-YEAR SEMINAR (TOP),INTERMEDIATE CALCULUS
GENERAL CHEMISTRY,INTERMEDIATE CALCULUS
PROBABILITY/STAT INFER,INTERMEDIATE CALCULUS
INTERMEDIATE ECONOMICS II,INTERMEDIATE CALCULUS
ONE VARIABLE CALCULUS,INTERMEDIATE CALCULUS
INTRO BIOLOGICAL ANTHRO,INTERMEDIATE CALCULUS
